{
	"foreign_ids": [
	],
	"item_property": {
		"copyid": 615,
		"desc": "Defece against Long range atacks",
		"describe": "Defece against Long range atacks",
		"icon": "*554",
		"id": 2003,
		"model": "",
		"name": "Anti Bullet Block" 
	},
	"mod_desc": {
		"author": "1002769323",
		"filename": "1520301134",
		"uuid": "667f325c-1ff1-11e7-93ae-92361f002671",
		"version": "1" 
	},
	"property": {
		"anti_explode": 500,
		"breakable": false,
		"burn_speed": 0,
		"catch_fire": 0,
		"copyid": 615,
		"english_name": "1520301134",
		"hardness": 0,
		"id": 2003,
		"light_src": 0,
		"move_collide": 1,
		"slipperiness": 1,
		"tool_mine_drop1": 0 
	} 
} 
