{
	"foreign_ids": [
	],
	"item_property": {
		"copyid": 101,
		"desc": "A Box that stores Medic Kits. destoy it to geting one!.",
		"describe": "A Box that stores Medic Kits. destoy it to geting one!.",
		"icon": "*1005",
		"id": 2002,
		"model": "",
		"name": "Medic Supply" 
	},
	"mod_desc": {
		"author": "1002769323",
		"filename": "1531931109",
		"uuid": "667f325c-1ff1-11e7-93ae-92361f002671",
		"version": "1" 
	},
	"property": {
		"anti_explode": 5,
		"breakable": false,
		"burn_speed": 0,
		"catch_fire": 0,
		"copyid": 101,
		"english_name": "1531931109",
		"hardness": 0,
		"id": 2002,
		"light_src": 2,
		"move_collide": 1,
		"slipperiness": 1,
		"tool_mine_drop1": 4139 
	} 
} 
