{
	"foreign_ids": [
	],
	"item_property": {
		"copyid": 101,
		"desc": "A better composed dirt, that block range atacks and had resistence against blast",
		"describe": "A better composed dirt, that block range atacks and had resistence against blast",
		"icon": "*109",
		"id": 2005,
		"model": "*109",
		"name": "Compact Soil" 
	},
	"mod_desc": {
		"author": "1002769323",
		"filename": "1533527400",
		"uuid": "667f325c-1ff1-11e7-93ae-92361f002671",
		"version": "1" 
	},
	"property": {
		"anti_explode": 100,
		"breakable": false,
		"burn_speed": 0,
		"catch_fire": 0,
		"copyid": 101,
		"english_name": "1533527400",
		"hardness": 4,
		"id": 2005,
		"light_src": 0,
		"move_collide": 1,
		"slipperiness": 1,
		"tool_mine_drop1": 101 
	} 
} 
