{
	"foreign_ids": [
	],
	"item_property": {
		"copyid": 614,
		"desc": "Cointains a medic kit inside",
		"describe": "Cointains a medic kit inside",
		"icon": "*1005",
		"id": 2004,
		"model": "",
		"name": "Medic Supply Cube" 
	},
	"mod_desc": {
		"author": "1002769323",
		"filename": "1533523733",
		"uuid": "667f325c-1ff1-11e7-93ae-92361f002671",
		"version": "1" 
	},
	"property": {
		"anti_explode": 0,
		"breakable": true,
		"burn_speed": 0,
		"catch_fire": 0,
		"copyid": 614,
		"english_name": "1533523733",
		"hardness": 0,
		"id": 2004,
		"light_src": 0,
		"move_collide": 1,
		"slipperiness": 1,
		"tool_mine_drop1": 4139 
	} 
} 
