{
    "name":"WeaponsPlus",
	"en_name":"WeaponsPlus",
	"tw_name":"WeaponsPlus",
	"tha_name":"WeaponsPlus",
	"esn_name":"WeaponsPlus",
	"ptb_name":"WeaponsPlus",	
	"fra_name":"WeaponsPlus",	
	"jpn_name":"WeaponsPlus",	
	"ara_name":"WeaponsPlus",	
    "description":"Add new cool weapons to your map!",
	"en_description":"Add new cool weapons to your map!",
	"tw_description":"添加新的酷武器到你的地图！",
	"tha_description":"เพิ่มอาวุธใหม่ ๆ ลงในแผนที่ของคุณ!",
	"esn_description":"Agrega nuevas armas geniales a tu mapa!",
	"ptb_description":"Adicione novas armas legais ao seu mapa!",
	"fra_description":"Ajoutez de nouvelles armes cool à votre carte!",
	"jpn_description":"あなたのマップに新しいクールな武器を追加！",
	"ara_description":"لخريطتك!إضافة أسلحة باردة جديدة",
    "author":"YeyoCore / MrMWBA",
	"en_author":"YeyoCore & MrMWBA(MG Pix)",
	"tw_author":"YeyoCore & MrMWBA(MG Pix)",
	"tha_author":"YeyoCore & MrMWBA(MG Pix)",
	"esn_author":"YeyoCore & MrMWBA(MG Pix)",
	"ptb_author":"YeyoCore & MrMWBA(MG Pix)",
	"fra_author":"YeyoCore & MrMWBA(MG Pix)",
	"jpn_author":"YeyoCore & MrMWBA(MG Pix)",
	"ara_author":"YeyoCore & MrMWBA(MG Pix)",
    "pack_version":"1.0", 
    "api_version":"0.27.4",
	"mod_type":0,
    "restart_required":false,
	"open_edit":true,
    "standalone":false,
    "uuid":"2b96d66d-509b-475b-96fe-7fc131bc2b90",
	"author_head_iconindex":55,
	"authoruin":1002769323
}
