{
	"foreign_ids": [
	],
	"mod_desc": {
		"author": "1002769323",
		"filename": "Bullet",
		"uuid": "667f325c-1ff1-11e7-93ae-92361f002671",
		"version": "1" 
	},
	"property": {
		"attack_type": 0,
		"break": true,
		"can_throw": false,
		"describe": "Need to shoot with cowboy revolver.",
		"gravity": 0,
		"id": 15003,
		"name": "Bullet",
		"pickable": false,
		"projectile_attack": 15,
		"speed_decay": 0,
		"speed_init": 1000,
		"stack_max": 64,
		"trigger_condition": 3,
		"trigger_delay": 0 
	} 
} 
