{
	"foreign_ids": [
	],
	"itemskills": [
		{
			"Costs": [
			],
			"Functions": [
				{
					"BlowUpPower": 50,
					"RepelPower": -150 
				} 
			],
			"RangeType": 2,
			"RangeVal1": 1000,
			"RangeVal2": 1000,
			"RangeVal3": 1000,
			"TargetCamp": 2,
			"name": "feature_attack_fly_throw",
			"priority": 0,
			"templateid": 202 
		} 
	],
	"mod_desc": {
		"author": "1002769323",
		"filename": "DarkHoleGunAmmo",
		"uuid": "667f325c-1ff1-11e7-93ae-92361f002671",
		"version": "1" 
	},
	"property": {
		"attack_type": 0,
		"break": false,
		"can_throw": false,
		"copyid": 15067,
		"describe": "Need to shoot with Rocket Launcher",
		"gravity": 5,
		"icon": "*11515",
		"id": 4110,
		"model": "*15067",
		"name": "DarkMatter",
		"pickable": false,
		"projectile_attack": 1,
		"speed_decay": 0,
		"speed_init": 80,
		"stack_max": 15,
		"trigger_condition": 3,
		"trigger_delay": 0 
	} 
} 
