{
	"foreign_ids": [
		{
			"id": 100003,
			"key": "1002769323667f325c-1ff1-11e7-93ae-92361f0026711520346322" 
		} 
	],
	"mod_desc": {
		"author": "1002769323",
		"filename": "DarkHoleGun",
		"uuid": "667f325c-1ff1-11e7-93ae-92361f002671",
		"version": "1" 
	},
	"property": {
		"accumulate_time": 1,
		"attack": 35,
		"attack_consume": 1,
		"consume_count": 1,
		"consume_itemid": 4131,
		"consumeid_filename": "DarkHoleGunAmmo",
		"copyid": 12050,
		"describe": "",
		"icon": "*12284",
		"id": 4130,
		"model": "*12284",
		"name": "DarkHole Gun",
		"speed_add": 1,
		"tool_duration": 2000,
		"tool_repare_amount1": 100,
		"tool_repareid1": 411 
	} 
} 
