{
	"foreign_ids": [
	],
	"mod_desc": {
		"author": "1002769323",
		"filename": "DesertEagle",
		"uuid": "667f325c-1ff1-11e7-93ae-92361f002671",
		"version": "1" 
	},
	"property": {
		"bullet_id": 15003,
		"continuous_fire": 0,
		"copyid": 10104,
		"describe": "#G+20 dmg\n+ Fast Shoot\n\n#KMain Weapon",
		"fire_interval": 60,
		"gun_attack": 10,
		"gun_speed_add": 0.3,
		"gun_type": 10105,
		"icon": "*15001",
		"id": 4117,
		"magazines": 6,
		"model": "*15001",
		"name": "#KDesert Eagle",
		"need_bullet": 0,
		"weight": 0 
	} 
} 
