{
	"foreign_ids": [
	],
	"itemskills": [
		{
			"Costs": [
			],
			"Functions": [
				{
					"ActionType": 1,
					"BlockID": 500,
					"DropOut": 1 
				} 
			],
			"RangeType": 0,
			"RangeVal1": 250,
			"RangeVal2": 100,
			"RangeVal3": 0,
			"TargetClass": 0,
			"name": "feature_block_throw",
			"priority": 0,
			"templateid": 200 
		},
		{
			"Costs": [
			],
			"Functions": [
				{
					"AttackType": 0,
					"AttackVal": 0,
					"BuffID": 33001,
					"Duration": 5,
					"Odds": 100 
				} 
			],
			"RangeType": 0,
			"RangeVal1": 1000,
			"RangeVal2": 300,
			"RangeVal3": 300,
			"TargetCamp": 2,
			"name": "feature_buff_throw",
			"priority": 0,
			"templateid": 204 
		} 
	],
	"mod_desc": {
		"author": "1001510235",
		"filename": "FlamesBowAmmo",
		"uuid": "ccc0aa74-ddcd-41a4-8d9a-7be263bee955",
		"version": "1" 
	},
	"property": {
		"attack_type": 0,
		"break": false,
		"can_throw": false,
		"copyid": 12051,
		"describe": "A iron arrow for the Flames Bow",
		"gravity": 3,
		"icon": "*12051",
		"id": 4132,
		"model": "*15051",
        "projectile_model_rid": 15051,
		"name": "Flames Arrow",
		"pickable": true,
		"projectile_attack": 15,
		"speed_decay": 0,
		"speed_init": 280,
		"stack_max": 64,
		"trigger_condition": 3,
		"trigger_delay": 0 
	} 
} 
