{
	"foreign_ids": [
	],
	"itemskills": [
		{
			"Costs": [
			],
			"Functions": [
				{
					"AttackType": 0,
					"AttackVal": 0,
					"BuffID": 33001,
					"Duration": 3,
                    "Odds": 100 
				} 
			],
			"RangeType": 0,
			"RangeVal1": 1000,
			"RangeVal2": 300,
			"RangeVal3": 300,
			"TargetCamp": 2,
			"name": "feature_buff_throw",
			"priority": 0,
			"templateid": 204 
		},
	],
	"mod_desc": {
		"author": "1002769323",
		"filename": "FlameTrowerAmmo",
		"uuid": "667f325c-1ff1-11e7-93ae-92361f002671",
		"version": "1" 
	},
	"property": {
		"attack_type": 0,
		"break": true,
		"can_throw": false,
		"copyid": 15052,
		"describe": "Used to burn enemies with flametrower",
		"gravity": 9,
		"icon": "*11096",
		"id": 4119,
		"model": "*15052",
		"name": "FlameTrower Fuel",
		"pickable": false,
		"projectile_attack": 15,
		"speed_decay": 0,
		"speed_init": 60,
		"stack_max": 150,
		"trigger_condition": 3,
		"trigger_delay": 0 
	} 
} 
