{
	"foreign_ids": [
	],
	"mod_desc": {
		"author": "1001510235",
		"filename": "GravityBow",
		"uuid": "ccc0aa74-ddcd-41a4-8d9a-7be263bee955",
		"version": "1" 
	},
	"property": {
		"accumulate_time": 1,
		"attack": 20,
		"attack_consume": 1,
		"consume_count": 1,
		"consume_itemid": 4132,
		"consumeid_filename": "FlamesBowAmmo",
		"copyid": 10102,
		"describe": "Shoots burning arrows",
		"icon": "*12056",
		"id": 4109,
		"model": "*12056",
		"name": "Flames Bow",
		"speed_add": 0,
		"tool_duration": 850,
		"tool_repare_amount1": 60,
		"tool_repareid1": 0 
	} 
} 
