{
	"foreign_ids": [
	],
	"mod_desc": {
		"author": "1002769323",
		"filename": "FlameTrower",
		"uuid": "667f325c-1ff1-11e7-93ae-92361f002671",
		"version": "1" 
	},
	"property": {
		"bullet_id": 4119,
		"bulletid_filename": "FlameTrowerAmmo",
		"continuous_fire": 1,
		"copyid": 15000,
		"describe": "#G +10 dmg \b\n+Burn Enemies 3 seconds\n- Low Range\n\n#KMain Weapon",
		"fire_interval": 10,
		"gun_attack": 2,
		"gun_speed_add": 0.5,
		"gun_type": 10106,
		"icon": "*11015",
		"id": 4118,
		"magazines": 199,
		"model": "*11015",
		"name": "#KFlameTrower",
		"need_bullet": 0,
		"weight": 20000 
	} 
} 
