{
	"foreign_ids": [
	],
	"mod_desc": {
		"author": "1001510235",
		"filename": "Grenade",
		"uuid": "ccc0aa74-ddcd-41a4-8d9a-7be263bee955",
		"version": "1" 
	},
	"property": {
		"accumulate_time": 1,
		"accumulator_type": 0,
		"attack_type": 1,
		"break": false,
		"can_throw": true,
		"copyid": 10103,
		"describe": "Kamoob!",
		"gravity": 5,
		"icon": "*15008",
		"id": 4111,
		"model": "*15008",
		"name": "Grenade",
		"pickable": false,
		"projectile_attack": 2,
		"speed_decay": 0,
		"speed_init": 150,
		"stack_max": 64,
		"trigger_condition": 3,
		"trigger_delay": 1.2 
	} 
} 
