{
	"foreign_ids": [
	],
	"mod_desc": {
		"author": "1002769323",
		"filename": "HawkAxe",
		"uuid": "667f325c-1ff1-11e7-93ae-92361f002671",
		"version": "1" 
	},
	"property": {
		"accumulate_time": 0.8,
		"accumulator_type": 0,
		"attack": 15,
		"attack_consume": 0,
		"attack_type": 0,
		"break": true,
		"can_throw": true,
		"collect_consume": 0,
		"copyid": 12002,
		"describe": "#c00FF00 Melee damage+15#n\nMain melee weapon. Can be thrown",
		"gravity": 4,
		"icon": "*11002",
		"id": 100220,
		"model": "*11002",
		"name": "Hawk Axe",
		"pickable": true,
		"projectile_attack": 55,
		"speed_decay": 0,
		"speed_init": 190,
		"tool_duration": 100,
		"tool_efficient": 0,
		"tool_level": 2,
		"tool_repare_amount1": 50,
		"tool_repareid1": 505,
		"tool_type": 6,
		"trigger_condition": 3,
		"trigger_delay": 0 
	} 
} 
