{
	"foreign_ids": [
	],
	"mod_desc": {
		"author": "1002769323",
		"filename": "HealingWeapon",
		"uuid": "667f325c-1ff1-11e7-93ae-92361f002671",
		"version": "1" 
	},
	"property": {
		"bullet_id": 4120,
		"bulletid_filename": "HealingAmmo",
		"continuous_fire": 1,
		"copyid": 15002,
		"describe": "#Heals 15 hp to allies, damage 10 to enemies.",
		"fire_interval": 0,
		"gun_attack": 1,
		"gun_speed_add": 0,
		"gun_type": 10105,
		"icon": "*12252",
		"id": 4133,
		"magazines": 50,
		"model": "*12252",
		"name": "Medic Belt",
		"need_bullet": 0,
		"weight": 11000 
	} 
} 
