{
	"foreign_ids": [
	],
	"itemskills": [
		{
			"Costs": [
			],
			"Functions": [
				{
					"TreatType": 0,
					"TreatVal": 15 
				} 
			],
			"RangeType": 0,
			"RangeVal1": 1000,
			"RangeVal2": 300,
			"RangeVal3": 300,
			"TargetCamp": 1,
			"name": "feature_cure_throw",
			"priority": 0,
			"templateid": 206 
		} 
	],
	"mod_desc": {
		"author": "1002769323",
		"filename": "HealingAmmo",
		"uuid": "667f325c-1ff1-11e7-93ae-92361f002671",
		"version": "1" 
	},
	"property": {
		"attack_type": 0,
		"break": false,
		"can_throw": false,
		"copyid": 12054,
		"describe": "Used to shoot Bone Staff",
		"gravity": 0,
		"icon": "*12290",
		"id": 4120,
		"model": "*12290",
		"name": "Healing Bullet",
		"pickable": false,
		"projectile_attack": 15,
		"speed_decay": 0,
		"speed_init": 100,
		"stack_max": 64,
		"trigger_condition": 3,
		"trigger_delay": 0 
	} 
} 
