{
	"foreign_ids": [
		{
			"id": 100148,
			"key": "1002769323667f325c-1ff1-11e7-93ae-92361f0026711531931109" 
		} 
	],
	"itemskills": [
		{
			"Costs": [
			],
			"Functions": [
				{
					"ActionType": 1,
					"BlockID": 2004,
					"DropOut": 1 
				} 
			],
			"RangeType": 0,
			"RangeVal1": 1000,
			"RangeVal2": 300,
			"RangeVal3": 300,
			"TargetClass": 0,
			"name": "feature_block_throw",
			"priority": 0,
			"templateid": 200 
		} 
	],
	"mod_desc": {
		"author": "1002769323",
		"filename": "MedicSupply",
		"uuid": "667f325c-1ff1-11e7-93ae-92361f002671",
		"version": "1" 
	},
	"property": {
		"accumulate_time": 2,
		"accumulator_type": 0,
		"attack_type": 0,
		"break": false,
		"can_throw": true,
		"copyid": 12054,
		"describe": "Lauch a medic supply, that contains medic kits, for help allies in combat",
		"gravity": 6,
		"icon": "*1005",
		"id": 4137,
		"model": "*12054",
		"name": "Medic Supply",
		"pickable": false,
		"projectile_attack": 0,
		"speed_decay": 0,
		"speed_init": 400,
		"stack_max": 6,
		"trigger_condition": 3,
		"trigger_delay": 0 
	} 
} 
