{
	"foreign_ids": [
	],
	"itemskills": [
		{
			"Costs": [
			],
			"Functions": [
				{
					"BlowUpPower": 100,
					"RepelPower": 1 
				} 
			],
			"RangeType": 0,
			"RangeVal1": 1000,
			"RangeVal2": 300,
			"RangeVal3": 300,
			"TargetCamp": 2,
			"name": "feature_attack_fly_throw",
			"priority": 0,
			"templateid": 202 
		},
		{
			"Costs": [
			],
			"Functions": [
				{
					"ActionType": 2,
					"BlockID": 682,
					"DropOut": 1 
				} 
			],
			"RangeType": 0,
			"RangeVal1": 1000,
			"RangeVal2": 300,
			"RangeVal3": 300,
			"TargetClass": 2,
			"name": "feature_block_throw",
			"priority": 0,
			"templateid": 200 
		} 
	],
	"mod_desc": {
		"author": "1002769323",
		"filename": "PortalGunAmmo",
		"uuid": "667f325c-1ff1-11e7-93ae-92361f002671",
		"version": "1" 
	},
	"property": {
		"accumulate_time": 1,
		"accumulator_type": 0,
		"attack_type": 0,
		"break": false,
		"can_throw": true,
		"copyid": 10103,
		"describe": "used to shoot with Portal Gun",
		"gravity": 3,
		"icon": "*15067",
		"id": 4113,
		"model": "*15067",
		"name": "Ammo Portal Gun",
		"pickable": false,
		"projectile_attack": 10,
		"speed_decay": 0,
		"speed_init": 180,
		"stack_max": 120,
		"trigger_condition": 3,
		"trigger_delay": 0 
	} 
} 
