{
	"foreign_ids": [
	],
	"mod_desc": {
		"author": "1002769323",
		"filename": "PortalGun",
		"uuid": "667f325c-1ff1-11e7-93ae-92361f002671",
		"version": "1" 
	},
	"property": {
		"bullet_id": 4113,
		"bulletid_filename": "PortalGunAmmo",
		"continuous_fire": 1,
		"copyid": 15002,
		"describe": "make players teleport upwards and fall,  if hits stone open  a portal.",
		"fire_interval": 500,
		"gun_attack": 10,
		"gun_speed_add": 0,
		"gun_type": 10105,
		"icon": "*12247",
		"id": 4112,
		"magazines": 6,
		"model": "*12247",
		"name": "BlackMatter Gun",
		"need_bullet": 0,
		"weight": 4000 
	} 
} 
