{
	"foreign_ids": [
	],
	"mod_desc": {
		"author": "1001510235",
		"filename": "SemiautomaticSniper",
		"uuid": "ccc0aa74-ddcd-41a4-8d9a-7be263bee955",
		"version": "1" 
	},
	"property": {
		"bullet_id": 4124,
		"bulletid_filename": "SniperAmmo",
		"continuous_fire": 0,
		"copyid": 10104,
		"describe": "Semiautomatic Sniper",
		"fire_interval": 80,
		"gun_attack": 30,
		"gun_speed_add": 0,
		"gun_type": 10107,
		"icon": "*15004",
		"id": 4125,
		"magazines": 8,
		"model": "*15004",
		"name": "M14 DMR",
		"need_bullet": 0,
		"weight": 15000 
	} 
} 
