{
	"foreign_ids": [
		{
			"id": 100146,
			"key": "1002769323667f325c-1ff1-11e7-93ae-92361f0026711531923599" 
		} 
	],
	"mod_desc": {
		"author": "1002769323",
		"filename": "ShotgunMod",
		"uuid": "667f325c-1ff1-11e7-93ae-92361f002671",
		"version": "1" 
	},
	"property": {
		"bullet_id": 4127,
		"bulletid_filename": "ShotgunAmmoMod",
		"continuous_fire": 1,
		"copyid": 10109,
		"describe": "#G+45 dmg\\Medium Range",
		"fire_interval": 0,
		"gun_attack": 10,
		"gun_speed_add": 1,
		"gun_type": 10109,
		"icon": "*15006",
		"id": 4126,
		"magazines": 6,
		"model": "*15006",
		"name": "Shoot Gun",
		"need_bullet": 0,
		"weight": 8000 
	} 
} 
