{
	"foreign_ids": [
	],
	"mod_desc": {
		"author": "1002769323",
		"filename": "SniperAmmo",
		"uuid": "667f325c-1ff1-11e7-93ae-92361f002671",
		"version": "1" 
	},
	"property": {
		"attack_type": 0,
		"break": true,
		"can_throw": false,
		"copyid": 15003,
		"describe": "",
		"gravity": 0,
		"icon": "*15503",
		"id": 4124,
		"model": "*15003",
		"name": "Sniper Bullets",
		"pickable": false,
		"projectile_attack": 0,
		"speed_decay": 0,
		"speed_init": 800,
		"stack_max": 12,
		"trigger_condition": 3,
		"trigger_delay": 0 
	} 
} 
