{
	"foreign_ids": [
	],
	"mod_desc": {
		"author": "1002769323",
		"filename": "SubFusilMK",
		"uuid": "667f325c-1ff1-11e7-93ae-92361f002671",
		"version": "1" 
	},
	"property": {
		"bullet_id": 15003,
		"continuous_fire": 0,
		"copyid": 15000,
		"describe": "Mini machine pistol with very high firing rate, and low dispertion rate.\n\b",
		"fire_interval": 20,
		"gun_attack": 1,
		"gun_speed_add": 0,
		"gun_type": 10105,
		"icon": "*15000",
		"id": 4097,
		"magazines": 50,
		"model": "*15000",
		"name": "SubFusil MK",
		"need_bullet": 0,
		"weight": 5500 
	} 
} 
