{
	"foreign_ids": [
	],
	"itemskills": [
		{
			"ChargeTime": 1.5,
			"ChargeType": 0,
			"Cooldown": 15,
			"Costs": [
				{
					"CostTarget": 4107,
					"CostType": 1,
					"CostVal": 5 
				} 
			],
			"Functions": [
				{
					"BlowUpPower": 40,
					"RepelPower": 100 
				} 
			],
			"RangeType": 0,
			"RangeVal1": 1000,
			"RangeVal2": 300,
			"RangeVal3": 300,
			"SkillType": 1,
			"TargetCamp": 1,
			"name": "feature_attack_fly",
			"priority": 0,
			"templateid": 102 
		} 
	],
	"mod_desc": {
		"author": "1001510235",
		"filename": "TacticalKnife",
		"uuid": "ccc0aa74-ddcd-41a4-8d9a-7be263bee955",
		"version": "1" 
	},
	"property": {
		"accumulate_time": 0,
		"attack": 30,
		"attack_consume": 1,
		"collect_consume": 1,
		"copyid": 10101,
		"describe": "*Swhoos Shwoos* hide and  attack from the back!\n#R+ 30 DMG#n\n#YSkill:  Leap foward to suprise enemies.\n",
		"icon": "*11061",
		"id": 4107,
		"model": "*11061",
		"name": "Tactical Knife",
		"tool_duration": 700,
		"tool_efficient": 0,
		"tool_level": 1,
		"tool_repare_amount1": 1,
		"tool_repareid1": 411,
		"tool_type": 6 
	} 
} 
