{
	"foreign_ids": [
	],
	"itemskills": [
		{
			"ChargeTime": 1.5,
			"ChargeType": 0,
			"Cooldown": 0,
			"Costs": [
				{
					"CostTarget": 101,
					"CostType": 2,
					"CostVal": 1 
				} 
			],
			"Functions": [
				{
					"ActionType": 1,
					"BlockID": 2005,
					"DropOut": 1 
				} 
			],
			"RangeType": 0,
			"RangeVal1": 1000,
			"RangeVal2": 300,
			"RangeVal3": 300,
			"SkillType": 0,
			"TargetClass": 0,
			"name": "feature_block",
			"priority": 0,
			"templateid": 100 
		} 
	],
	"mod_desc": {
		"author": "1002769323",
		"filename": "TrenchShovel",
		"uuid": "667f325c-1ff1-11e7-93ae-92361f002671",
		"version": "1" 
	},
	"property": {
		"accumulate_time": 0,
		"attack": 8,
		"attack_consume": 3,
		"collect_consume": 1,
		"copyid": 11023,
		"describe": "#G Melee damage+8#n\n#cFF7F00 Digs soil\\sand\\shavel quite fast. then place that block as compact dirt",
		"icon": "*11062",
		"id": 4142,
		"model": "*11062",
		"name": "Trench Shovel",
		"tool_duration": 200,
		"tool_efficient": 240,
		"tool_level": 3,
		"tool_repare_amount1": 100,
		"tool_repareid1": 11209,
		"tool_type": 3 
	} 
} 
