{
	"foreign_ids": [
		{
			"id": 100082,
			"key": "1002769323667f325c-1ff1-11e7-93ae-92361f0026711520543573" 
		} 
	],
	"itemskills": [
		{
			"ChargeTime": 3,
			"ChargeType": 2,
			"Cooldown": 90,
			"Costs": [
				{
					"CostTarget": 10100,
					"CostType": 1,
					"CostVal": 0 
				} 
			],
			"Functions": [
				{
					"CallNum": 1,
					"Duration": 0,
					"IsFollow": 0,
					"MobID": 2 
				} 
			],
			"RangeType": 1,
			"RangeVal1": 1000,
			"RangeVal2": 300,
			"RangeVal3": 300,
			"SkillType": 1,
			"TargetCamp": 0,
			"name": "feature_call_monster",
			"priority": 0,
			"templateid": 103 
		} 
	],
	"mod_desc": {
		"author": "1002769323",
		"filename": "Turrent",
		"uuid": "667f325c-1ff1-11e7-93ae-92361f002671",
		"version": "1" 
	},
	"property": {
		"copyid": 10100,
		"describe": "Place a turrent in target location, turrent shoots to nerby enemies",
		"icon": "*11081",
		"id": 4138,
		"model": "*11081",
		"name": "#Turrent",
		"stack_max": 1 
	} 
} 
