{
	"foreign_ids": [
	],
	"itemskills": [
		{
			"ChargeTime": 1.5,
			"ChargeType": 0,
			"Cooldown": 1,
			"Costs": [
				{
					"CostTarget": 4108,
					"CostType": 1,
					"CostVal": 3 
				} 
			],
			"Functions": [
				{
					"ActionType": 1,
					"BlockID": 2003,
					"DropOut": 1 
				} 
			],
			"RangeType": 0,
			"RangeVal1": 1000,
			"RangeVal2": 300,
			"RangeVal3": 300,
			"SkillType": 0,
			"TargetClass": 0,
			"name": "feature_block",
			"priority": 0,
			"templateid": 100 
		} 
	],
	"mod_desc": {
		"author": "1001510235",
		"filename": "Wrench",
		"uuid": "ccc0aa74-ddcd-41a4-8d9a-7be263bee955",
		"version": "1" 
	},
	"property": {
		"accumulate_time": 0,
		"attack": 20,
		"attack_consume": 1,
		"collect_consume": 1,
		"copyid": 10101,
		"describe": "#R+10 Dmg\n#YSkill: Build Anti Proyectile Blocks.",
		"icon": "*11070",
		"id": 4116,
		"model": "*11070",
		"name": "Wrench",
		"tool_duration": 50,
		"tool_efficient": 0,
		"tool_level": 1,
		"tool_repare_amount1": 10,
		"tool_repareid1": 0,
		"tool_type": 6 
	} 
} 
