{
	"foreign_ids": [
	],
	"mod_desc": {
		"author": "1001510235",
		"filename": "PracticeDummy",
		"uuid": "a0fb1329-cc52-447a-971a-8ab731340506",
		"version": "1" 
	},
	"property": {
		"Effect": "35011",
		"TextureID": 0,
		"attack": 1,
		"attack_distance": 1,
		"buff_id": 0,
		"copyid": 4000,
		"desc": "Wanna test all the weapons? -Use this dummy!",
		"drop_exp": 0,
		"drop_exp_prob": 0,
		"drop_item1": 0,
		"drop_item2": 0,
		"drop_item3": 0,
		"drop_item_prob1": 0,
		"drop_item_prob2": 0,
		"drop_item_prob3": 0,
		"height": 200,
		"hit_height": 200,
		"hit_thickness": 120,
		"hit_width": 120,
		"icon": "3121",
		"id": 2,
		"life": 12000,
		"mass": 999999,
		"model": "130001",
		"texture":"PracticeDummy",
		"model_scale": 1.1,
		"name": "PracticeDummy",
		"speed": 0,
		"team_id": 0,
		"type": 0,
		"view_distance": 1,
		"width": 95 
	},
	"set_ai": [
		{
			"name": "swimming",
			"priority": 1 
		} 
	] 
} 
