{
	"foreign_ids": [
	],
	"mod_desc": {
		"author": "1001510235",
		"filename": "Turrent",
		"uuid": "ccc0aa74-ddcd-41a4-8d9a-7be263bee955",
		"version": "1" 
	},
	"property": {
		"Effect": "",
		"attack": 10,
		"attack_distance": 15,
		"attack_type": 1,
		"buff_id": 0,
		"copyid": 4000,
		"desc": "Piu piu! no es una araña xD",
		"drop_exp": 0,
		"drop_exp_prob": 0,
		"drop_item1": 0,
		"drop_item2": 0,
		"drop_item3": 0,
		"drop_item_prob1": 0,
		"drop_item_prob2": 0,
		"drop_item_prob3": 0,
		"height": 95,
		"hit_height": 130,
		"hit_thickness": 130,
		"hit_width": 130,
		"icon": "3107",
		"id": 2,
		"life": 100,
		"mass": 10,
		"model": "100037",
		"texture":"Turrent",
		"model_scale": 0.9,
		"name": "Turrent V2",
		"speed": 0,
		"team_id": 0,
		"type": 1,
		"view_distance": 15,
		"width": 95 
	},
	"set_ai": [
		{
			"atkrange": 1500,
			"buffid": 0,
			"count": 1,
			"max_atktime": 60,
			"min_atktime": 59,
			"name": "projectile_attack",
			"power": 0.8,
			"priority": 2,
			"projectileid": 15003,
			"speed": 1 
		},
		{
			"brightness": 0,
			"chance": 0,
			"check_sight": true,
			"minhp": 0,
			"name": "target_nearest",
			"priority": 2 
		} 
	] 
} 
